id,type
1745207819387_4839df69,3
1745207819409_eafab312,2
1745207819425_a1b56d6e,1
1745207819439_9351b600,1
1745207819454_a42d3dac,3
1745207819469_5070a115,1
1745207819484_235bdfe9,3
1745207819500_8cb45ef9,3
1745207819516_5f8f00a3,1
1745207819532_f3ec6db5,1
1745207819548_fd5d241b,0
1745207819562_0c98c4fa,0
1745207819578_f1d4e119,3
1745207819592_dd91f39a,1
1745207819608_b9ca98b8,2
1745207819624_ad913249,1
1745207819640_628e0e41,2
1745207819656_033f4b44,3
1745207819672_da2bf182,1
1745207819687_ea126e48,3
1745207819702_db040259,1
1745207819717_589e15c7,1
1745207819732_5671f98f,3
1745207819748_08f8c1df,3
1745207819763_ba0a3537,3
1745207819779_19725cb6,3
1745207819794_85b66a47,2
1745207819809_ce8b7087,2
1745207819824_6e2e5785,1
1745207819839_170890f6,1
1745207819854_82ba9d26,3
1745207819870_1d7086eb,1
1745207819885_7825053d,3
1745207819900_4136bdf0,3
1745207819915_808c0647,0
1745207819930_620a98a0,1
1745207819946_3bbafdb5,1
1745207819961_1279e903,1
1745207819977_ccec1372,0
1745207819992_960a7fae,3
1745207820007_296aae4f,2
1745207820023_23d99b16,3
1745207820038_ee92aa26,3
1745207820054_6fa4312f,3
1745207820069_20fa8dbd,3
1745207820084_e4202952,3
1745207820100_dc5d58b3,3
1745207820114_2e339d6b,1
1745207820131_9d14847b,1
1745207820146_fe313baf,2
1745207820163_f086c5ad,3
1745207820178_fc37d773,1
1745207820192_db6df94b,2
1745207820208_950cb3c8,2
1745207820222_bc031b53,1
1745207820238_e5ff0e2c,3
1745207820253_fdfb6c4f,3
1745207820273_6223a64b,3
1745207820287_d3955db6,2
1745207820300_7148f45f,2
1745207820316_96966a72,2
1745207820331_6979d8d5,0
1745207820346_e7a2b18e,0
1745207820362_761b7955,1
1745207820378_9ce75486,3
1745207820393_2da92478,1
1745207820408_67524800,3
1745207820423_c9ff9a64,1
1745207820439_359954e7,1
1745207820454_339bbac8,2
1745207820469_fe47f7e9,1
1745207820485_e4e14e0c,0
1745207820499_75232c92,0
1745207820515_ba932db3,1
1745207820531_4b39e91c,2
1745207820547_522c79a0,1
1745207820562_8ffd20f6,2
1745207820578_5518af24,2
1745207820595_900a2fd0,0
1745207820610_5c8e9077,2
1745207820627_7b630f44,3
1745207820642_c95a7a98,3
1745207820658_6bcc9e07,3
1745207820674_4b1723d6,2
1745207820689_34d440c6,2
1745207820705_b017b808,1
1745207820720_ce742bc3,0
1745207820735_c3bd85aa,2
1745207820751_9b779bc3,2
1745207820765_c66f39cb,1
1745207820780_afd88d67,3
1745207820796_cc5cbf24,0
1745207820811_68d755b0,1
1745207820826_4af139b2,1
1745207820841_94637841,1
1745207820856_ed01e38f,2
1745207820872_1991d0f6,2
1745207820888_d9575f06,1
1745207820904_2aa434b7,2
1745207820920_7a1946fa,1
1745207820936_8906bb06,3
1745207820952_b83f3b58,0
1745207820968_899c83ac,0
1745207820983_ee38fc0a,2
1745207820998_85ec9f41,3
1745207821014_2488c724,3
1745207821030_dd69287a,0
1745207821045_7783ff80,1
1745207821061_dbee3a68,0
1745207821076_b3d4c4e7,1
1745207821092_63277c7d,3
1745207821108_1a5b4877,3
1745207821124_04daf6c6,1
1745207821138_7ca3f9f2,1
1745207821154_fcc2f2b4,0
1745207821170_eafaaa1a,3
1745207821185_59b6366e,0
1745207821200_073a4327,1
1745207821216_9bb9cd8e,2
1745207821232_d11c15e9,0
1745207821248_87098fcf,1
1745207821264_e1e8ef91,3
1745207821280_239bc955,2
1745207821296_3348fa79,0
1745207821313_f491b169,2
1745207821327_a917011a,1
1745207821345_78e078cc,0
1745207821361_152dcd96,2
1745207821375_3d9c7a70,0
1745207821388_c5d84910,1
1745207821405_bc050daa,2
1745207821419_3b3027be,1
1745207821436_b750e708,2
1745207821450_aae5fdfc,3
1745207821465_20ced673,1
1745207821480_7ba45c62,1
1745207821495_e3c3bee7,0
1745207821511_46d234a3,3
1745207821526_ad6d3d22,3
1745207821541_5a8b848b,2
1745207821557_f43abef4,1
1745207821572_e0d9fd89,3
1745207821587_407d366d,0
1745207821603_4c4c957d,1
1745207821617_591eccc9,3
1745207821633_1aa06578,1
1745207821649_be229d62,3
1745207821664_6594adf5,2
1745207821679_a0a30635,3
1745207821695_1729e5af,3
1745207821712_caf22e3c,3
1745207821727_0ca0998e,1
1745207821741_d900f77f,3
1745207821756_a47bafb8,2
1745207821771_7c4be379,1
1745207821788_55c9c79a,1
1745207821803_39cfecc8,1
1745207821819_dc776f5b,2
1745207821835_82192951,0
1745207821851_5597526b,3
1745207821866_003e6b8c,1
1745207821881_dba972f6,0
1745207821897_c6bea54e,0
1745207821912_cf3c5edf,1
1745207821927_e70b5ec7,0
1745207821943_02af554c,1
1745207821957_b88e7ad5,3
1745207821973_c799a334,1
1745207821988_88172b58,2
1745207822003_93a73afb,3
1745207822019_d8817095,0
1745207822034_42ef1414,3
1745207822049_58f5b6bf,2
1745207822066_950dc186,3
1745207822080_47a8ef86,2
1745207822095_fbfebaf5,1
1745207822110_041d34b1,0
1745207822126_dadb89b9,3
1745207822140_1137e29f,1
1745207822155_7c8b21e2,0
1745207822171_8d437cbc,1
1745207822187_9e46b51d,0
1745207822203_3a06e155,3
1745207822219_bac6001c,2
1745207822235_52f907c7,1
1745207822251_fb760a74,0
1745207822267_4b625337,1
1745207822283_b2cf5d45,2
1745207822298_604b917e,1
1745207822313_45890676,3
1745207822329_313093d2,0
1745207822345_23335d94,0
1745207822360_f0c53260,3
1745207822376_0a70fa10,2
1745207822391_a2e77714,3
1745207822407_acb94651,3
1745207822423_a4a67a90,0
1745207822439_1584144d,3
1745207822456_01457218,3
1745207822472_bb012e6c,0
1745207822485_c3b91f56,3
1745207822501_9ecddda9,3
1745207822517_ad6063d3,3
1745207822533_59228ee6,1
1745207822551_cf417d0e,0
1745207822570_d7b47a68,1
1745207822598_00936c88,2
1745207822614_f70769f0,3
1745207822627_d7a0b3e9,2
1745207822642_fc0b99e3,1
1745207822656_a628171e,1
1745207822673_ffb0d03c,3
1745207822688_ce69688b,1
1745207822704_3e317275,3
1745207822720_9444d43d,0
1745207822736_9b1f9223,2
1745207822752_443c3a1e,0
1745207822769_6485e5fa,1
1745207822784_02610e4c,0
1745207822800_12af8757,1
1745207822815_dd27b1a1,2
1745207822830_2a28f2f7,1
1745207822845_228446a8,1
1745207822860_988d9c0c,3
1745207822876_b8379a8d,3
1745207822892_477a0652,2
1745207822908_e22ca111,1
1745207822924_3cbb0057,3
1745207822940_7d0df6be,1
1745207822956_5335274a,3
1745207822972_ce1142fd,1
1745207822988_b46a499b,0
1745207823003_6783326f,3
1745207823018_39e132b9,3
1745207823033_49bc883d,0
1745207823048_6fabe059,3
1745207823065_eb0b1620,1
1745207823085_f555da31,1
1745207823113_a87c0186,3
1745207823129_d55d79fb,1
1745207823144_ef9105b0,0
1745207823160_b7f4a6b0,1
1745207823175_a796eb66,1
1745207823190_526237b2,1
1745207823204_cb061ae2,0
1745207823220_40ec810a,0
1745207823236_9da3db08,1
1745207823252_c243b597,3
1745207823268_adea1362,2
1745207823284_f8fb1ae0,2
1745207823300_99d12206,1
1745207823316_9f072b0d,3
1745207823332_d387e019,3
1745207823348_c0237b00,3
1745207823364_a25e9c4c,3
1745207823380_0c71bd20,3
1745207823396_9c91d459,2
1745207823412_b6e93341,0
1745207823429_7db70738,0
1745207823444_04bcc72b,1
1745207823460_048ea312,1
1745207823476_b77303a2,1
1745207823492_dd5678e5,3
1745207823507_f810810a,2
1745207823522_58cb3340,1
1745207823539_5bcd7203,1
1745207823553_69c65b74,0
1745207823568_c41c9e1e,1
1745207823583_4e8e2000,0
1745207823598_43b124eb,0
1745207823615_26daea19,3
1745207823629_d55f3e60,1
1745207823645_604cd5a0,1
1745207823663_3ce2b42c,3
1745207823678_893dfe13,3
1745207823694_7a89d627,1
1745207823710_0d7fae67,1
1745207823725_fa4c740b,1
1745207823742_c6901450,0
1745207823757_43a94069,1
1745207823772_e8bada49,0
1745207823788_ef41acce,3
1745207823802_94076235,3
1745207823819_2ade0ff8,1
1745207823834_565f8b85,3
1745207823850_5e734303,0
1745207823866_8d04c00a,3
1745207823882_1353639f,3
1745207823898_b54187db,3
1745207823913_36c1f163,1
1745207823928_801a2d93,1
1745207823944_985641a2,3
1745207823960_4681a90e,0
1745207823976_dbf91cea,3
1745207823992_c693ae2a,0
1745207824008_6f745c70,3
1745207824024_75ab0188,2
1745207824040_0c47949b,0
1745207824056_33fb5bdf,3
1745207824072_6f0c711a,1
1745207824088_7185f1a9,3
1745207824104_9debbf1b,0
1745207824121_7a0daa5a,2
1745207824136_032d830e,3
1745207824152_8114a476,2
1745207824168_22f74619,3
1745207824184_3315260d,3
1745207824200_95361d2e,3
1745207824216_4467c61d,1
1745207824232_33d2dd59,1
1745207824248_d7e7743f,3
1745207824264_716b3d95,2
1745207824280_24e03d97,3
1745207824296_312f1cf8,1
1745207824312_7307cefa,3
1745207824328_62523053,0
1745207824344_e62b1f91,3
1745207824360_566d56db,1
1745207824375_47ef41ce,1
1745207824390_81f065ac,1
1745207824406_5e8c6f3a,3
1745207824422_9d8415c5,1
1745207824438_b3069e5f,3
1745207824454_b7bdd0cd,1
1745207824470_48e31c79,3
1745207824487_add19e4b,1
1745207824501_70796fa0,3
1745207824516_25e7cd89,0
1745207824531_d5f161d7,0
1745207824546_8dc147c4,3
1745207824562_481ef9ff,0
1745207824578_37c964ad,3
1745207824594_c5ef4723,2
1745207824610_3c6b6b4e,2
1745207824627_ae9ba02a,3
1745207824641_e04ff27a,0
1745207824656_b98c9a28,1
1745207824672_7fa39f0e,3
1745207824689_98869b0c,1
1745207824705_83f83bda,1
1745207824720_609bac38,2
1745207824737_df96c272,1
1745207824752_ca66aaa0,0
1745207824769_b1cb583b,1
1745207824784_9ac37d3f,3
1745207824799_7d759bfe,1
1745207824814_11fac540,0
1745207824829_d1185443,1
1745207824844_4354266a,1
1745207824860_5ec29f89,3
1745207824876_82c77119,3
1745207824892_364ec5e8,1
1745207824908_fbf1242d,3
1745207824924_4367ca4d,2
1745207824940_397f95a9,2
1745207824956_23fa58cd,3
1745207824972_0f53a5af,1
1745207824988_ee59c59b,3
1745207825004_372d2e77,3
1745207825020_0c3bdbc7,2
1745207825036_0adbfa42,3
1745207825051_e1b7d680,2
1745207825066_7bc1ef09,3
1745207825082_901fa2b6,3
1745207825099_e1b41c05,1
1745207825114_2d851aa1,3
1745207825130_d696c6a9,3
1745207825145_b4621986,2
1745207825160_164fd90f,1
1745207825176_30f4bda2,3
1745207825192_2667127b,0
1745207825208_270d1701,1
1745207825224_7c3c2cbe,3
1745207825240_f36b7f9d,2
1745207825256_3cdcfccf,3
1745207825272_54f2a189,1
1745207825288_4422d5d9,3
1745207825304_0829f018,1
1745207825321_92ae21be,1
1745207825337_d2bdaec9,2
1745207825352_48a5bb93,3
1745207825367_32c94af4,1
1745207825382_920df77f,0
1745207825398_4a565e14,2
1745207825414_4271b31e,1
1745207825429_5c009701,3
1745207825444_2e03f8b8,3
1745207825460_14ee8ac4,1
1745207825476_c17b49f4,1
1745207825492_a8d5a349,2
1745207825508_d1c46f9c,3
1745207825524_569bdde2,1
1745207825540_c6957deb,3
1745207825556_cb1d4c67,3
1745207825572_dc646126,2
1745207825588_d806a452,1
1745207825605_f7db2e83,1
1745207825621_40505777,0
1745207825637_68b8b475,0
1745207825653_b8fbddda,1
1745207825667_db6e100b,1
1745207825683_cf03ec23,3
1745207825698_e6375f58,3
1745207825712_8768b0df,3
1745207825728_d7f0ee06,1
1745207825744_7117d66e,2
1745207825760_d527b6fa,0
1745207825776_d61a8a63,1
1745207825792_72e50dd1,2
1745207825808_c0afa5b2,3
1745207825824_6f8d7095,2
1745207825840_e3a2d3ac,1
1745207825856_d9b13ea3,3
1745207825872_448e5d8e,1
1745207825888_6b296af5,3
1745207825904_8e9822e7,1
1745207825920_150c996e,2
1745207825936_970982d3,3
1745207825953_399199c8,2
1745207825968_a80ca4ae,1
1745207825984_fbc338c1,0
1745207826000_5b721bf5,1
1745207826016_b6721f59,3
1745207826032_1e7497c1,1
1745207826048_be7976ad,2
1745207826063_94b54106,1
1745207826078_bed95b1a,1
1745207826095_0d01b149,3
1745207826110_9d956634,0
1745207826126_e9ad6250,1
1745207826142_37b2d95b,1
1745207826159_6bd8204b,1
1745207826174_d5066583,1
1745207826190_236fb1ed,0
1745207826206_356848c6,1
1745207826223_ed5ab83a,3
1745207826238_3b0b28ca,1
1745207826254_14272beb,2
1745207826270_3893e5c4,1
1745207826286_42024e0a,1
1745207826301_32d96811,3
1745207826316_c62e0f77,3
1745207826331_cdc33a4c,1
1745207826346_35eb79b7,2
1745207826361_a4d8f651,3
1745207826377_6bbd2645,1
1745207826391_e6777215,3
1745207826406_bbfa26a2,1
1745207826422_679f1193,1
1745207826437_6dfc6df0,3
1745207826453_2b8aaffc,0
1745207826469_dfa61594,1
1745207826484_3246f6ca,1
1745207826499_f5507b25,1
1745207826514_febc5482,2
1745207826530_f0bbe13a,1
1745207826545_ae7e9c4d,1
1745207826560_69311971,1
1745207826576_df178139,0
1745207826592_13197379,1
1745207826607_d27af70e,0
1745207826622_4ab80a40,1
1745207826638_5f613025,0
1745207826655_142a3927,1
1745207826671_2024b28b,1
1745207826686_055c37be,0
1745207826703_68a918d7,3
1745207826718_73ec8034,3
1745207826734_4b4c47f3,1
1745207826750_efedc72f,3
1745207826766_95b975e6,2
1745207826782_3fb10f87,0
1745207826798_78ed7678,3
1745207826814_3c0d765c,3
1745207826830_0b08e190,1
1745207826846_1e3cc225,1
1745207826862_8ecc28f3,2
1745207826878_68c4b038,3
1745207826894_426d925f,2
1745207826908_0fcbd58b,3
1745207826923_b22140cc,3
1745207826938_b90e993b,1
1745207826953_9d21b1ba,2
1745207826968_0695d887,3
1745207826984_2b2373fa,2
1745207827000_ce0faa7d,1
1745207827016_6d80eadc,1
1745207827032_03fd1df1,2
1745207827048_83b1a2a9,2
1745207827064_6f8fd727,3
1745207827080_60fcded5,3
1745207827097_063f7987,0
1745207827111_d239b3af,3
1745207827126_1e02d598,0
1745207827141_d7b5a26e,2
1745207827157_317d4b82,1
1745207827171_d11c6c70,0
1745207827186_285138d0,2
1745207827202_5b53eed8,3
1745207827218_fdec236a,1
1745207827234_9c922251,1
1745207827251_83586c67,1
1745207827266_09137e4d,2
1745207827282_91170470,3
1745207827299_6d95189a,1
1745207827314_72431e05,2
1745207827330_25b049c5,1
1745207827346_982b8dd9,1
1745207827362_1367b233,1
1745207827378_fdf9bbd5,1
1745207827394_f4cd9a12,2
1745207827410_91f49684,3
1745207827426_bd30e2b2,3
1745207827442_04353a01,0
1745207827457_d20b0890,3
1745207827473_617df8fe,0
1745207827489_1e48d470,2
1745207827505_9a797b1d,1
1745207827520_b23ed310,1
1745207827536_d3339293,1
1745207827552_44a17775,2
1745207827568_3d51125f,0
1745207827584_1988c5c8,3
1745207827600_1181cf0c,0
1745207827615_ce98a943,1
1745207827631_514fab7a,2
1745207827646_c25b596d,1
1745207827661_f69eccb4,3
1745207827676_89c48140,0
1745207827691_519ff891,0
1745207827707_cc238837,1
1745207827723_2c2b262b,0
1745207827740_8b074f70,0
1745207827756_4f460fdd,3
1745207827771_f30fc55b,3
1745207827787_fc8d147e,3
1745207827803_80415f7e,1
1745207827818_fab8248d,0
1745207827833_5cf9fd74,3
1745207827848_2c55572c,1
1745207827864_f3bb6513,1
1745207827880_9cb5af28,1
1745207827896_3546477a,1
1745207827912_a296fff6,0
1745207827928_f9e9895d,3
1745207827944_ff883112,1
1745207827960_0a902e92,1
1745207827976_3f898e3a,1
1745207827992_a1264605,1
1745207828008_e83325d3,3
1745207828024_c335a219,3
1745207828040_836eb4f8,3
1745207828056_dcaea3de,1
1745207828073_1665a5e5,2
1745207828088_91083277,2
1745207828104_da1418f1,3
1745207828120_ded211d7,1
1745207828136_50263808,1
1745207828151_a21253e6,0
1745207828166_d3901c79,1
1745207828181_e71d7fd9,1
1745207828196_7375fc4a,1
1745207828212_fd5cb132,3
1745207828228_f2a11adb,1
1745207828244_469d2399,2
1745207828259_ccb6c48c,2
1745207828275_4c1dee06,1
1745207828290_1d7ccc59,0
1745207828305_d2faba20,3
1745207828321_b947db23,2
1745207828336_4f471d2a,3
1745207828352_8a2eeac8,1
1745207828367_b8278c56,1
1745207828382_7558d670,2
1745207828397_d4673a38,1
1745207828412_7621dfa7,3
1745207828427_1e44dc69,0
1745207828443_8c3ba5aa,1
1745207828458_223c0e73,3
1745207828473_cdb39fb7,3
1745207828488_6103681a,1
1745207828503_f2e7f2c8,1
1745207828519_b8c21b65,1
1745207828535_7ad774e2,3
1745207828551_631af1c5,1
1745207828567_43d2c5cd,1
1745207828583_a0db36c7,2
1745207828599_d11d7cc1,2
1745207828615_eda87f61,0
1745207828631_806699a0,1
1745207828647_07fe69ea,2
1745207828663_ff75d787,2
1745207828679_34b51c44,3
1745207828695_47d05239,0
1745207828711_2f90a26a,0
1745207828727_8fdaac93,3
1745207828743_d3247944,1
1745207828760_45c79b61,2
1745207828775_d28939ab,1
1745207828791_65e8f917,3
